Workbook

Sheet dataset
A1: file_name | B1: Сложность (число) | C1: composer | D1: song_name | E1: validator_note | F1: bpm | G1: fact | H1: tempo_note | I1: notes_count | J1: measures_count
A2: score_1.musicxml | B2: 8 | C2: Nikolai Rimsky-Korsakov | D2: The flight of the Bumblebee Korsakov arr. Rachmaninov | F2: 176 | G2: text_only | H2: text-only tempo 'Vivace' (playback tempo 144, not printed) | I2: 1160 | J2: 103
A3: score_2.musicxml | B3: 9 | C3: Mily Balakirev | D3: Islamey | F3: 152 | G3: text_only | H3: text-only tempo 'Allegro agitato' (playback tempo 134, not printed) | I3: 8501 | J3: 346
A4: score_3.musicxml | B4: 4 | C4: François Couperin | D4: L'Auguste | F4: 80 | G4: text_only | H4: text-only tempo 'Moderato' (playback tempo 45, not printed) | I4: 656 | J4: 22
A5: score_4.musicxml | B5: 7 | C5: Carl Czerny | D5: Op. 299 No. 1 | F5: 216 | G5: non_quarter_unit; parenthesized | I5: 392 | J5: 22
A6: score_5.musicxml | B6: 1 | C6: Gioachino Rossini | D6: William Tell | F6: 120 | G6: text_only | H6: text-only tempo 'Allegro' (playback tempo 180, not printed) | I6: 106 | J6: 18

Sheet stats
A1: Metric | B1: Value
A2: Scores in dataset | B2: =COUNTA(dataset!$C$2:$C$807)
A3: Scores with musicxml | B3: =COUNT(dataset!$I$2:$I$807)
A4: Unique composers | B4: =COUNTA(composers!$A$2:$A$506)
A5: Total notes | B5: =SUM(dataset!$I$2:$I$807)
A6: Notes per score: mean | B6: =AVERAGE(dataset!$I$2:$I$807)
A7: Notes per score: median | B7: =MEDIAN(dataset!$I$2:$I$807)
A8: Notes per score: min | B8: =MIN(dataset!$I$2:$I$807)
A9: Notes per score: max | B9: =MAX(dataset!$I$2:$I$807)
A10: Total measures | B10: =SUM(dataset!$J$2:$J$807)
A11: Measures per score: mean | B11: =AVERAGE(dataset!$J$2:$J$807)
A12: Measures per score: median | B12: =MEDIAN(dataset!$J$2:$J$807)
A13: Measures per score: min | B13: =MIN(dataset!$J$2:$J$807)
A14: Measures per score: max | B14: =MAX(dataset!$J$2:$J$807)
A15: Notes per measure (total / total) | B15: =B5/B10
A17: Сложность (число) | B17: Scores | C17: Avg notes | D17: Median notes | E17: Avg measures | F17: Avg notes/measure
A18: 1 | B18: =COUNTIF(dataset!$B$2:$B$807,A18) | C18: =IFERROR(AVERAGEIF(dataset!$B$2:$B$807,A18,dataset!$I$2:$I$807),"") | D18: {=IFERROR(MEDIAN(IF(dataset!$B$2:$B$807=A18,IF(dataset!$I$2:$I$807<>"",dataset!$I$2:$I$807))),"")} | E18: =IFERROR(AVERAGEIF(dataset!$B$2:$B$807,A18,dataset!$J$2:$J$807),"") | F18: =IFERROR(SUMIF(dataset!$B$2:$B$807,A18,dataset!$I$2:$I$807)/SUMIF(dataset!$B$2:$B$807,A18,dataset!$J$2:$J$807),"")
A19: 2 | B19: =COUNTIF(dataset!$B$2:$B$807,A19) | C19: =IFERROR(AVERAGEIF(dataset!$B$2:$B$807,A19,dataset!$I$2:$I$807),"") | D19: {=IFERROR(MEDIAN(IF(dataset!$B$2:$B$807=A19,IF(dataset!$I$2:$I$807<>"",dataset!$I$2:$I$807))),"")} | E19: =IFERROR(AVERAGEIF(dataset!$B$2:$B$807,A19,dataset!$J$2:$J$807),"") | F19: =IFERROR(SUMIF(dataset!$B$2:$B$807,A19,dataset!$I$2:$I$807)/SUMIF(dataset!$B$2:$B$807,A19,dataset!$J$2:$J$807),"")
A20: 3 | B20: =COUNTIF(dataset!$B$2:$B$807,A20) | C20: =IFERROR(AVERAGEIF(dataset!$B$2:$B$807,A20,dataset!$I$2:$I$807),"") | D20: {=IFERROR(MEDIAN(IF(dataset!$B$2:$B$807=A20,IF(dataset!$I$2:$I$807<>"",dataset!$I$2:$I$807))),"")} | E20: =IFERROR(AVERAGEIF(dataset!$B$2:$B$807,A20,dataset!$J$2:$J$807),"") | F20: =IFERROR(SUMIF(dataset!$B$2:$B$807,A20,dataset!$I$2:$I$807)/SUMIF(dataset!$B$2:$B$807,A20,dataset!$J$2:$J$807),"")
A21: 4 | B21: =COUNTIF(dataset!$B$2:$B$807,A21) | C21: =IFERROR(AVERAGEIF(dataset!$B$2:$B$807,A21,dataset!$I$2:$I$807),"") | D21: {=IFERROR(MEDIAN(IF(dataset!$B$2:$B$807=A21,IF(dataset!$I$2:$I$807<>"",dataset!$I$2:$I$807))),"")} | E21: =IFERROR(AVERAGEIF(dataset!$B$2:$B$807,A21,dataset!$J$2:$J$807),"") | F21: =IFERROR(SUMIF(dataset!$B$2:$B$807,A21,dataset!$I$2:$I$807)/SUMIF(dataset!$B$2:$B$807,A21,dataset!$J$2:$J$807),"")
A22: 5 | B22: =COUNTIF(dataset!$B$2:$B$807,A22) | C22: =IFERROR(AVERAGEIF(dataset!$B$2:$B$807,A22,dataset!$I$2:$I$807),"") | D22: {=IFERROR(MEDIAN(IF(dataset!$B$2:$B$807=A22,IF(dataset!$I$2:$I$807<>"",dataset!$I$2:$I$807))),"")} | E22: =IFERROR(AVERAGEIF(dataset!$B$2:$B$807,A22,dataset!$J$2:$J$807),"") | F22: =IFERROR(SUMIF(dataset!$B$2:$B$807,A22,dataset!$I$2:$I$807)/SUMIF(dataset!$B$2:$B$807,A22,dataset!$J$2:$J$807),"")
A23: 6 | B23: =COUNTIF(dataset!$B$2:$B$807,A23) | C23: =IFERROR(AVERAGEIF(dataset!$B$2:$B$807,A23,dataset!$I$2:$I$807),"") | D23: {=IFERROR(MEDIAN(IF(dataset!$B$2:$B$807=A23,IF(dataset!$I$2:$I$807<>"",dataset!$I$2:$I$807))),"")} | E23: =IFERROR(AVERAGEIF(dataset!$B$2:$B$807,A23,dataset!$J$2:$J$807),"") | F23: =IFERROR(SUMIF(dataset!$B$2:$B$807,A23,dataset!$I$2:$I$807)/SUMIF(dataset!$B$2:$B$807,A23,dataset!$J$2:$J$807),"")
A24: 7 | B24: =COUNTIF(dataset!$B$2:$B$807,A24) | C24: =IFERROR(AVERAGEIF(dataset!$B$2:$B$807,A24,dataset!$I$2:$I$807),"") | D24: {=IFERROR(MEDIAN(IF(dataset!$B$2:$B$807=A24,IF(dataset!$I$2:$I$807<>"",dataset!$I$2:$I$807))),"")} | E24: =IFERROR(AVERAGEIF(dataset!$B$2:$B$807,A24,dataset!$J$2:$J$807),"") | F24: =IFERROR(SUMIF(dataset!$B$2:$B$807,A24,dataset!$I$2:$I$807)/SUMIF(dataset!$B$2:$B$807,A24,dataset!$J$2:$J$807),"")
A25: 8 | B25: =COUNTIF(dataset!$B$2:$B$807,A25) | C25: =IFERROR(AVERAGEIF(dataset!$B$2:$B$807,A25,dataset!$I$2:$I$807),"") | D25: {=IFERROR(MEDIAN(IF(dataset!$B$2:$B$807=A25,IF(dataset!$I$2:$I$807<>"",dataset!$I$2:$I$807))),"")} | E25: =IFERROR(AVERAGEIF(dataset!$B$2:$B$807,A25,dataset!$J$2:$J$807),"") | F25: =IFERROR(SUMIF(dataset!$B$2:$B$807,A25,dataset!$I$2:$I$807)/SUMIF(dataset!$B$2:$B$807,A25,dataset!$J$2:$J$807),"")
A26: 9 | B26: =COUNTIF(dataset!$B$2:$B$807,A26) | C26: =IFERROR(AVERAGEIF(dataset!$B$2:$B$807,A26,dataset!$I$2:$I$807),"") | D26: {=IFERROR(MEDIAN(IF(dataset!$B$2:$B$807=A26,IF(dataset!$I$2:$I$807<>"",dataset!$I$2:$I$807))),"")} | E26: =IFERROR(AVERAGEIF(dataset!$B$2:$B$807,A26,dataset!$J$2:$J$807),"") | F26: =IFERROR(SUMIF(dataset!$B$2:$B$807,A26,dataset!$I$2:$I$807)/SUMIF(dataset!$B$2:$B$807,A26,dataset!$J$2:$J$807),"")

Sheet composers
A1: composer | B1: Scores | C1: Avg difficulty | D1: Min difficulty | E1: Max difficulty | F1: Avg notes | G1: Avg measures
A2: Yohei Kato | B2: =SUMPRODUCT(--(dataset!$C$2:$C$807=$A2)) | C2: =SUMPRODUCT((dataset!$C$2:$C$807=$A2)*dataset!$B$2:$B$807)/B2 | D2: =_xlfn.MINIFS(dataset!$B$2:$B$807,dataset!$C$2:$C$807,$A2) | E2: =_xlfn.MAXIFS(dataset!$B$2:$B$807,dataset!$C$2:$C$807,$A2) | F2: =IFERROR(SUMPRODUCT((dataset!$C$2:$C$807=$A2)*dataset!$I$2:$I$807)/SUMPRODUCT((dataset!$C$2:$C$807=$A2)*(dataset!$I$2:$I$807<>"")),"") | G2: =IFERROR(SUMPRODUCT((dataset!$C$2:$C$807=$A2)*dataset!$J$2:$J$807)/SUMPRODUCT((dataset!$C$2:$C$807=$A2)*(dataset!$J$2:$J$807<>"")),"")
A3: Scott Joplin | B3: =SUMPRODUCT(--(dataset!$C$2:$C$807=$A3)) | C3: =SUMPRODUCT((dataset!$C$2:$C$807=$A3)*dataset!$B$2:$B$807)/B3 | D3: =_xlfn.MINIFS(dataset!$B$2:$B$807,dataset!$C$2:$C$807,$A3) | E3: =_xlfn.MAXIFS(dataset!$B$2:$B$807,dataset!$C$2:$C$807,$A3) | F3: =IFERROR(SUMPRODUCT((dataset!$C$2:$C$807=$A3)*dataset!$I$2:$I$807)/SUMPRODUCT((dataset!$C$2:$C$807=$A3)*(dataset!$I$2:$I$807<>"")),"") | G3: =IFERROR(SUMPRODUCT((dataset!$C$2:$C$807=$A3)*dataset!$J$2:$J$807)/SUMPRODUCT((dataset!$C$2:$C$807=$A3)*(dataset!$J$2:$J$807<>"")),"")
A4: Franz Liszt | B4: =SUMPRODUCT(--(dataset!$C$2:$C$807=$A4)) | C4: =SUMPRODUCT((dataset!$C$2:$C$807=$A4)*dataset!$B$2:$B$807)/B4 | D4: =_xlfn.MINIFS(dataset!$B$2:$B$807,dataset!$C$2:$C$807,$A4) | E4: =_xlfn.MAXIFS(dataset!$B$2:$B$807,dataset!$C$2:$C$807,$A4) | F4: =IFERROR(SUMPRODUCT((dataset!$C$2:$C$807=$A4)*dataset!$I$2:$I$807)/SUMPRODUCT((dataset!$C$2:$C$807=$A4)*(dataset!$I$2:$I$807<>"")),"") | G4: =IFERROR(SUMPRODUCT((dataset!$C$2:$C$807=$A4)*dataset!$J$2:$J$807)/SUMPRODUCT((dataset!$C$2:$C$807=$A4)*(dataset!$J$2:$J$807<>"")),"")
A5: Toby Fox | B5: =SUMPRODUCT(--(dataset!$C$2:$C$807=$A5)) | C5: =SUMPRODUCT((dataset!$C$2:$C$807=$A5)*dataset!$B$2:$B$807)/B5 | D5: =_xlfn.MINIFS(dataset!$B$2:$B$807,dataset!$C$2:$C$807,$A5) | E5: =_xlfn.MAXIFS(dataset!$B$2:$B$807,dataset!$C$2:$C$807,$A5) | F5: =IFERROR(SUMPRODUCT((dataset!$C$2:$C$807=$A5)*dataset!$I$2:$I$807)/SUMPRODUCT((dataset!$C$2:$C$807=$A5)*(dataset!$I$2:$I$807<>"")),"") | G5: =IFERROR(SUMPRODUCT((dataset!$C$2:$C$807=$A5)*dataset!$J$2:$J$807)/SUMPRODUCT((dataset!$C$2:$C$807=$A5)*(dataset!$J$2:$J$807<>"")),"")
A6: Sergei Rachmaninoff | B6: =SUMPRODUCT(--(dataset!$C$2:$C$807=$A6)) | C6: =SUMPRODUCT((dataset!$C$2:$C$807=$A6)*dataset!$B$2:$B$807)/B6 | D6: =_xlfn.MINIFS(dataset!$B$2:$B$807,dataset!$C$2:$C$807,$A6) | E6: =_xlfn.MAXIFS(dataset!$B$2:$B$807,dataset!$C$2:$C$807,$A6) | F6: =IFERROR(SUMPRODUCT((dataset!$C$2:$C$807=$A6)*dataset!$I$2:$I$807)/SUMPRODUCT((dataset!$C$2:$C$807=$A6)*(dataset!$I$2:$I$807<>"")),"") | G6: =IFERROR(SUMPRODUCT((dataset!$C$2:$C$807=$A6)*dataset!$J$2:$J$807)/SUMPRODUCT((dataset!$C$2:$C$807=$A6)*(dataset!$J$2:$J$807<>"")),"")
A7: Tom Brier | B7: =SUMPRODUCT(--(dataset!$C$2:$C$807=$A7)) | C7: =SUMPRODUCT((dataset!$C$2:$C$807=$A7)*dataset!$B$2:$B$807)/B7 | D7: =_xlfn.MINIFS(dataset!$B$2:$B$807,dataset!$C$2:$C$807,$A7) | E7: =_xlfn.MAXIFS(dataset!$B$2:$B$807,dataset!$C$2:$C$807,$A7) | F7: =IFERROR(SUMPRODUCT((dataset!$C$2:$C$807=$A7)*dataset!$I$2:$I$807)/SUMPRODUCT((dataset!$C$2:$C$807=$A7)*(dataset!$I$2:$I$807<>"")),"") | G7: =IFERROR(SUMPRODUCT((dataset!$C$2:$C$807=$A7)*dataset!$J$2:$J$807)/SUMPRODUCT((dataset!$C$2:$C$807=$A7)*(dataset!$J$2:$J$807<>"")),"")
A8: Carl Czerny | B8: =SUMPRODUCT(--(dataset!$C$2:$C$807=$A8)) | C8: =SUMPRODUCT((dataset!$C$2:$C$807=$A8)*dataset!$B$2:$B$807)/B8 | D8: =_xlfn.MINIFS(dataset!$B$2:$B$807,dataset!$C$2:$C$807,$A8) | E8: =_xlfn.MAXIFS(dataset!$B$2:$B$807,dataset!$C$2:$C$807,$A8) | F8: =IFERROR(SUMPRODUCT((dataset!$C$2:$C$807=$A8)*dataset!$I$2:$I$807)/SUMPRODUCT((dataset!$C$2:$C$807=$A8)*(dataset!$I$2:$I$807<>"")),"") | G8: =IFERROR(SUMPRODUCT((dataset!$C$2:$C$807=$A8)*dataset!$J$2:$J$807)/SUMPRODUCT((dataset!$C$2:$C$807=$A8)*(dataset!$J$2:$J$807<>"")),"")
A9: Friedrich Burgmüller | B9: =SUMPRODUCT(--(dataset!$C$2:$C$807=$A9)) | C9: =SUMPRODUCT((dataset!$C$2:$C$807=$A9)*dataset!$B$2:$B$807)/B9 | D9: =_xlfn.MINIFS(dataset!$B$2:$B$807,dataset!$C$2:$C$807,$A9) | E9: =_xlfn.MAXIFS(dataset!$B$2:$B$807,dataset!$C$2:$C$807,$A9) | F9: =IFERROR(SUMPRODUCT((dataset!$C$2:$C$807=$A9)*dataset!$I$2:$I$807)/SUMPRODUCT((dataset!$C$2:$C$807=$A9)*(dataset!$I$2:$I$807<>"")),"") | G9: =IFERROR(SUMPRODUCT((dataset!$C$2:$C$807=$A9)*dataset!$J$2:$J$807)/SUMPRODUCT((dataset!$C$2:$C$807=$A9)*(dataset!$J$2:$J$807<>"")),"")
A10: Hugo Frey | B10: =SUMPRODUCT(--(dataset!$C$2:$C$807=$A10)) | C10: =SUMPRODUCT((dataset!$C$2:$C$807=$A10)*dataset!$B$2:$B$807)/B10 | D10: =_xlfn.MINIFS(dataset!$B$2:$B$807,dataset!$C$2:$C$807,$A10) | E10: =_xlfn.MAXIFS(dataset!$B$2:$B$807,dataset!$C$2:$C$807,$A10) | F10: =IFERROR(SUMPRODUCT((dataset!$C$2:$C$807=$A10)*dataset!$I$2:$I$807)/SUMPRODUCT((dataset!$C$2:$C$807=$A10)*(dataset!$I$2:$I$807<>"")),"") | G10: =IFERROR(SUMPRODUCT((dataset!$C$2:$C$807=$A10)*dataset!$J$2:$J$807)/SUMPRODUCT((dataset!$C$2:$C$807=$A10)*(dataset!$J$2:$J$807<>"")),"")
A11: Alexander Scriabin | B11: =SUMPRODUCT(--(dataset!$C$2:$C$807=$A11)) | C11: =SUMPRODUCT((dataset!$C$2:$C$807=$A11)*dataset!$B$2:$B$807)/B11 | D11: =_xlfn.MINIFS(dataset!$B$2:$B$807,dataset!$C$2:$C$807,$A11) | E11: =_xlfn.MAXIFS(dataset!$B$2:$B$807,dataset!$C$2:$C$807,$A11) | F11: =IFERROR(SUMPRODUCT((dataset!$C$2:$C$807=$A11)*dataset!$I$2:$I$807)/SUMPRODUCT((dataset!$C$2:$C$807=$A11)*(dataset!$I$2:$I$807<>"")),"") | G11: =IFERROR(SUMPRODUCT((dataset!$C$2:$C$807=$A11)*dataset!$J$2:$J$807)/SUMPRODUCT((dataset!$C$2:$C$807=$A11)*(dataset!$J$2:$J$807<>"")),"")
A12: Arthur Schutt | B12: =SUMPRODUCT(--(dataset!$C$2:$C$807=$A12)) | C12: =SUMPRODUCT((dataset!$C$2:$C$807=$A12)*dataset!$B$2:$B$807)/B12 | D12: =_xlfn.MINIFS(dataset!$B$2:$B$807,dataset!$C$2:$C$807,$A12) | E12: =_xlfn.MAXIFS(dataset!$B$2:$B$807,dataset!$C$2:$C$807,$A12) | F12: =IFERROR(SUMPRODUCT((dataset!$C$2:$C$807=$A12)*dataset!$I$2:$I$807)/SUMPRODUCT((dataset!$C$2:$C$807=$A12)*(dataset!$I$2:$I$807<>"")),"") | G12: =IFERROR(SUMPRODUCT((dataset!$C$2:$C$807=$A12)*dataset!$J$2:$J$807)/SUMPRODUCT((dataset!$C$2:$C$807=$A12)*(dataset!$J$2:$J$807<>"")),"")
A13: Christian Petzold | B13: =SUMPRODUCT(--(dataset!$C$2:$C$807=$A13)) | C13: =SUMPRODUCT((dataset!$C$2:$C$807=$A13)*dataset!$B$2:$B$807)/B13 | D13: =_xlfn.MINIFS(dataset!$B$2:$B$807,dataset!$C$2:$C$807,$A13) | E13: =_xlfn.MAXIFS(dataset!$B$2:$B$807,dataset!$C$2:$C$807,$A13) | F13: =IFERROR(SUMPRODUCT((dataset!$C$2:$C$807=$A13)*dataset!$I$2:$I$807)/SUMPRODUCT((dataset!$C$2:$C$807=$A13)*(dataset!$I$2:$I$807<>"")),"") | G13: =IFERROR(SUMPRODUCT((dataset!$C$2:$C$807=$A13)*dataset!$J$2:$J$807)/SUMPRODUCT((dataset!$C$2:$C$807=$A13)*(dataset!$J$2:$J$807<>"")),"")
... A506: 이수겠지 | B506: =SUMPRODUCT(--(dataset!$C$2:$C$807=$A506)) | C506: =SUMPRODUCT((dataset!$C$2:$C$807=$A506)*dataset!$B$2:$B$807)/B506 | D506: =_xlfn.MINIFS(dataset!$B$2:$B$807,dataset!$C$2:$C$807,$A506) | E506: =_xlfn.MAXIFS(dataset!$B$2:$B$807,dataset!$C$2:$C$807,$A506) | F506: =IFERROR(SUMPRODUCT((dataset!$C$2:$C$807=$A506)*dataset!$I$2:$I$807)/SUMPRODUCT((dataset!$C$2:$C$807=$A506)*(dataset!$I$2:$I$807<>"")),"") | G506: =IFERROR(SUMPRODUCT((dataset!$C$2:$C$807=$A506)*dataset!$J$2:$J$807)/SUMPRODUCT((dataset!$C$2:$C$807=$A506)*(dataset!$J$2:$J$807<>"")),"")

Sheet composer_mapping
A1: composer (source) | B1: composer (unified) | C1: change | D1: rows
A2: A. H. Pease | B2: A. H. Pease | C2: kept | D2: 1
A3: A. Miscioscia | B3: A. Miscioscia | C3: kept | D3: 1
A4: A.Parisi | B4: A. Parisi | C4: normalized | D4: 1
A5: A. Pieczonka | B5: A. Pieczonka | C5: kept | D5: 1
A6: A.R. Härle | B6: A.R. Härle | C6: kept | D6: 1
A7: Adaline Shepherd. | B7: Adaline Shepherd | C7: normalized | D7: 1
A8: Adele | B8: Adele | C8: kept | D8: 1
A9: Aidan Clanton | B9: Aidan Clanton | C9: kept | D9: 2
A10: Aiden James | B10: Aiden James | C10: kept | D10: 1
A11: Alan Menken | B11: Alan Menken | C11: kept | D11: 1
A12: Alan Parker | B12: Alan Parker | C12: kept | D12: 1
A13: Alan Silvestri | B13: Alan Silvestri | C13: kept | D13: 1
... A538: 이수겠지 | B538: 이수겠지 | C538: kept | D538: 1
